fileName,frameNum,dataList
./data\6875317312082201857.mp4,75,"[337, 185, 47, 47]"
./data\6875317312082201857.mp4,76,"[333, 184, 46, 46]"
./data\6875317312082201857.mp4,77,"[327, 181, 46, 46]"
./data\6875317312082201857.mp4,78,"[320, 178, 47, 47]"
./data\6875317312082201857.mp4,109,"[308, 293, 89, 89]"
./data\6875317312082201857.mp4,114,"[398, 460, 56, 56]"
./data\6875317312082201857.mp4,123,"[413, 294, 28, 28]"
./data\6875317312082201857.mp4,139,"[419, 298, 26, 26]"
./data\6875342937002085633.mp4,0,"[118, 290, 285, 285]"
./data\6875342937002085633.mp4,1,"[115, 286, 290, 290]"
./data\6875342937002085633.mp4,2,"[113, 288, 286, 286]"
./data\6875342937002085633.mp4,3,"[117, 289, 283, 283]"
./data\6875342937002085633.mp4,4,"[121, 291, 274, 274]"
./data\6875342937002085633.mp4,5,"[114, 288, 279, 279]"
./data\6875342937002085633.mp4,6,"[114, 285, 282, 282]"
./data\6875342937002085633.mp4,7,"[114, 283, 282, 282]"
./data\6875342937002085633.mp4,8,"[104, 276, 293, 293]"
./data\6875342937002085633.mp4,9,"[108, 280, 286, 286]"
./data\6875342937002085633.mp4,10,"[107, 281, 291, 291]"
./data\6875342937002085633.mp4,11,"[108, 279, 291, 291]"
./data\6875342937002085633.mp4,12,"[109, 280, 290, 290]"
./data\6875342937002085633.mp4,13,"[106, 278, 292, 292]"
./data\6875342937002085633.mp4,14,"[105, 278, 293, 293]"
./data\6875342937002085633.mp4,15,"[103, 277, 293, 293]"
./data\6875342937002085633.mp4,16,"[105, 277, 293, 293]"
./data\6875342937002085633.mp4,17,"[108, 280, 290, 290]"
./data\6875342937002085633.mp4,18,"[107, 278, 295, 295]"
./data\6875342937002085633.mp4,19,"[107, 279, 291, 291]"
./data\6875342937002085633.mp4,20,"[108, 279, 291, 291]"
./data\6875342937002085633.mp4,21,"[108, 278, 293, 293]"
./data\6875342937002085633.mp4,22,"[107, 277, 293, 293]"
./data\6875342937002085633.mp4,23,"[109, 280, 290, 290]"
./data\6875342937002085633.mp4,24,"[109, 280, 290, 290]"
./data\6875342937002085633.mp4,25,"[108, 280, 288, 288]"
./data\6875342937002085633.mp4,26,"[109, 281, 285, 285]"
./data\6875342937002085633.mp4,27,"[112, 284, 279, 279]"
./data\6875342937002085633.mp4,28,"[110, 279, 285, 285]"
./data\6875342937002085633.mp4,29,"[111, 285, 282, 282]"
./data\6875342937002085633.mp4,30,"[111, 287, 280, 280]"
./data\6875342937002085633.mp4,31,"[113, 285, 284, 284]"
./data\6875342937002085633.mp4,32,"[116, 287, 281, 281]"
./data\6875342937002085633.mp4,33,"[114, 287, 283, 283]"
./data\6875342937002085633.mp4,34,"[113, 284, 287, 287]"
./data\6875342937002085633.mp4,35,"[112, 286, 287, 287]"
./data\6875342937002085633.mp4,36,"[112, 286, 287, 287]"
./data\6875342937002085633.mp4,37,"[114, 286, 287, 287]"
./data\6875342937002085633.mp4,38,"[113, 285, 291, 291]"
./data\6875342937002085633.mp4,39,"[113, 284, 290, 290]"
./data\6875342937002085633.mp4,40,"[113, 286, 288, 288]"
./data\6875342937002085633.mp4,41,"[111, 281, 291, 291]"
./data\6875342937002085633.mp4,42,"[112, 280, 293, 293]"
./data\6875342937002085633.mp4,43,"[115, 284, 293, 293]"
./data\6875342937002085633.mp4,44,"[121, 288, 290, 290]"
./data\6875342937002085633.mp4,45,"[120, 287, 295, 295]"
./data\6875342937002085633.mp4,46,"[121, 292, 288, 288]"
./data\6875342937002085633.mp4,47,"[124, 295, 284, 284]"
./data\6875342937002085633.mp4,48,"[119, 294, 290, 290]"
./data\6875342937002085633.mp4,49,"[117, 296, 290, 290]"
./data\6875342937002085633.mp4,50,"[120, 294, 288, 288]"
./data\6875342937002085633.mp4,51,"[122, 291, 289, 289]"
./data\6875342937002085633.mp4,52,"[121, 291, 288, 288]"
./data\6875342937002085633.mp4,53,"[122, 293, 287, 287]"
./data\6875342937002085633.mp4,54,"[121, 290, 291, 291]"
./data\6875342937002085633.mp4,55,"[119, 289, 293, 293]"
./data\6875342937002085633.mp4,56,"[124, 294, 281, 281]"
./data\6875342937002085633.mp4,57,"[123, 291, 285, 285]"
./data\6875342937002085633.mp4,58,"[124, 297, 280, 280]"
./data\6875342937002085633.mp4,59,"[123, 292, 289, 289]"
./data\6875342937002085633.mp4,60,"[123, 293, 287, 287]"
./data\6875342937002085633.mp4,61,"[120, 292, 292, 292]"
./data\6875342937002085633.mp4,62,"[120, 291, 293, 293]"
./data\6875342937002085633.mp4,63,"[122, 292, 288, 288]"
./data\6875342937002085633.mp4,64,"[120, 289, 291, 291]"
./data\6875342937002085633.mp4,65,"[119, 289, 296, 296]"
./data\6875342937002085633.mp4,66,"[122, 294, 288, 288]"
./data\6875342937002085633.mp4,67,"[127, 299, 280, 280]"
./data\6875342937002085633.mp4,68,"[125, 296, 288, 288]"
./data\6875342937002085633.mp4,69,"[122, 290, 291, 291]"
./data\6875342937002085633.mp4,70,"[125, 293, 285, 285]"
./data\6875342937002085633.mp4,71,"[121, 291, 293, 293]"
./data\6875342937002085633.mp4,72,"[122, 294, 293, 293]"
./data\6875342937002085633.mp4,73,"[126, 295, 284, 284]"
./data\6875342937002085633.mp4,74,"[126, 293, 284, 284]"
./data\6875342937002085633.mp4,75,"[124, 293, 285, 285]"
./data\6875342937002085633.mp4,76,"[119, 287, 296, 296]"
./data\6875342937002085633.mp4,77,"[123, 291, 291, 291]"
./data\6875342937002085633.mp4,78,"[125, 294, 287, 287]"
./data\6875342937002085633.mp4,79,"[120, 291, 296, 296]"
./data\6875342937002085633.mp4,80,"[119, 291, 298, 298]"
./data\6875342937002085633.mp4,81,"[121, 291, 296, 296]"
./data\6875342937002085633.mp4,82,"[122, 294, 295, 295]"
./data\6875342937002085633.mp4,83,"[121, 290, 296, 296]"
./data\6875342937002085633.mp4,84,"[120, 287, 299, 299]"
./data\6875342937002085633.mp4,85,"[120, 290, 296, 296]"
./data\6875342937002085633.mp4,86,"[122, 290, 293, 293]"
./data\6875342937002085633.mp4,87,"[127, 293, 286, 286]"
./data\6875342937002085633.mp4,88,"[126, 291, 291, 291]"
./data\6875342937002085633.mp4,89,"[127, 298, 282, 282]"
./data\6875342937002085633.mp4,90,"[122, 288, 298, 298]"
./data\6875342937002085633.mp4,91,"[122, 290, 296, 296]"
./data\6875342937002085633.mp4,92,"[119, 288, 296, 296]"
./data\6875342937002085633.mp4,93,"[126, 290, 291, 291]"
./data\6875342937002085633.mp4,94,"[126, 290, 291, 291]"
./data\6875342937002085633.mp4,95,"[124, 293, 290, 290]"
./data\6875342937002085633.mp4,96,"[128, 293, 287, 287]"
./data\6875342937002085633.mp4,97,"[128, 295, 285, 285]"
./data\6875342937002085633.mp4,98,"[126, 295, 285, 285]"
./data\6875342937002085633.mp4,99,"[126, 295, 285, 285]"
./data\6875342937002085633.mp4,100,"[126, 296, 284, 284]"
./data\6875342937002085633.mp4,101,"[129, 298, 280, 280]"
./data\6875342937002085633.mp4,102,"[125, 295, 284, 284]"
./data\6875342937002085633.mp4,103,"[124, 295, 285, 285]"
./data\6875342937002085633.mp4,104,"[129, 301, 277, 277]"
./data\6875342937002085633.mp4,105,"[127, 297, 283, 283]"
./data\6875342937002085633.mp4,106,"[127, 298, 279, 279]"
./data\6875342937002085633.mp4,106,"[152, 431, 221, 221]"
./data\6875342937002085633.mp4,107,"[128, 298, 281, 281]"
./data\6875342937002085633.mp4,107,"[150, 427, 226, 226]"
./data\6875342937002085633.mp4,108,"[129, 300, 279, 279]"
./data\6875342937002085633.mp4,109,"[126, 297, 281, 281]"
./data\6875342937002085633.mp4,110,"[124, 297, 284, 284]"
./data\6875342937002085633.mp4,111,"[126, 297, 284, 284]"
./data\6875342937002085633.mp4,112,"[122, 291, 289, 289]"
./data\6875342937002085633.mp4,113,"[129, 300, 279, 279]"
./data\6875342937002085633.mp4,114,"[128, 297, 283, 283]"
./data\6875342937002085633.mp4,115,"[125, 292, 290, 290]"
./data\6875342937002085633.mp4,116,"[126, 299, 279, 279]"
./data\6875342937002085633.mp4,117,"[124, 296, 282, 282]"
./data\6875342937002085633.mp4,118,"[125, 295, 284, 284]"
./data\6875342937002085633.mp4,119,"[124, 296, 284, 284]"
./data\6875342937002085633.mp4,120,"[126, 297, 280, 280]"
./data\6875342937002085633.mp4,121,"[125, 294, 285, 285]"
./data\6875342937002085633.mp4,122,"[125, 294, 285, 285]"
./data\6875342937002085633.mp4,123,"[125, 292, 289, 289]"
./data\6875342937002085633.mp4,124,"[127, 297, 281, 281]"
./data\6875342937002085633.mp4,125,"[125, 296, 286, 286]"
./data\6875342937002085633.mp4,126,"[128, 300, 280, 280]"
./data\6875342937002085633.mp4,127,"[126, 296, 281, 281]"
./data\6875342937002085633.mp4,128,"[130, 303, 275, 275]"
./data\6875342937002085633.mp4,129,"[125, 295, 286, 286]"
./data\6875342937002085633.mp4,130,"[128, 298, 281, 281]"
./data\6875342937002085633.mp4,131,"[127, 301, 279, 279]"
./data\6875342937002085633.mp4,132,"[129, 298, 281, 281]"
./data\6875342937002085633.mp4,133,"[125, 293, 286, 286]"
./data\6875342937002085633.mp4,134,"[125, 292, 289, 289]"
./data\6875342937002085633.mp4,135,"[124, 292, 290, 290]"
./data\6875342937002085633.mp4,136,"[126, 299, 279, 279]"
./data\6875342937002085633.mp4,137,"[129, 300, 279, 279]"
./data\6875342937002085633.mp4,138,"[131, 296, 284, 284]"
./data\6875342937002085633.mp4,139,"[129, 301, 279, 279]"
./data\6875342937002085633.mp4,140,"[133, 305, 273, 273]"
./data\6875342937002085633.mp4,141,"[132, 303, 279, 279]"
./data\6875342937002085633.mp4,142,"[129, 301, 282, 282]"
./data\6875342937002085633.mp4,143,"[126, 299, 285, 285]"
./data\6875342937002085633.mp4,144,"[127, 301, 280, 280]"
./data\6875342937002085633.mp4,145,"[130, 305, 273, 273]"
./data\6875342937002085633.mp4,146,"[126, 299, 285, 285]"
./data\6875342937002085633.mp4,147,"[130, 302, 282, 282]"
./data\6875342937002085633.mp4,148,"[126, 299, 285, 285]"
./data\6875342937002085633.mp4,149,"[127, 300, 282, 282]"
./data\6875342937002085633.mp4,150,"[130, 301, 278, 278]"
./data\6875342937002085633.mp4,151,"[130, 302, 279, 279]"
./data\6875342937002085633.mp4,152,"[131, 305, 275, 275]"
./data\6875342937002085633.mp4,153,"[128, 301, 284, 284]"
./data\6875342937002085633.mp4,154,"[130, 301, 279, 279]"
./data\6875342937002085633.mp4,155,"[133, 305, 272, 272]"
./data\6875342937002085633.mp4,156,"[129, 302, 281, 281]"
./data\6875342937002085633.mp4,157,"[134, 307, 270, 270]"
./data\6875342937002085633.mp4,158,"[134, 305, 273, 273]"
./data\6875342937002085633.mp4,159,"[127, 297, 287, 287]"
./data\6875342937002085633.mp4,160,"[124, 297, 287, 287]"
./data\6875342937002085633.mp4,161,"[127, 298, 287, 287]"
./data\6875342937002085633.mp4,162,"[127, 301, 284, 284]"
./data\6875342937002085633.mp4,163,"[126, 300, 285, 285]"
./data\6875342937002085633.mp4,164,"[122, 297, 291, 291]"
./data\6875342937002085633.mp4,165,"[124, 302, 286, 286]"
./data\6875342937002085633.mp4,166,"[123, 302, 283, 283]"
./data\6875342937002085633.mp4,167,"[122, 300, 290, 290]"
./data\6875342937002085633.mp4,168,"[121, 298, 291, 291]"
./data\6875342937002085633.mp4,169,"[121, 298, 289, 289]"
./data\6875342937002085633.mp4,170,"[121, 297, 293, 293]"
./data\6875342937002085633.mp4,171,"[122, 301, 288, 288]"
./data\6875342937002085633.mp4,172,"[121, 299, 291, 291]"
./data\6875342937002085633.mp4,173,"[121, 301, 290, 290]"
./data\6875342937002085633.mp4,174,"[123, 303, 285, 285]"
./data\6875342937002085633.mp4,175,"[121, 304, 285, 285]"
./data\6875342937002085633.mp4,176,"[125, 302, 284, 284]"
./data\6875342937002085633.mp4,177,"[125, 302, 283, 283]"
./data\6875342937002085633.mp4,178,"[124, 300, 289, 289]"
./data\6875342937002085633.mp4,179,"[124, 302, 287, 287]"
./data\6875342937002085633.mp4,180,"[125, 300, 285, 285]"
./data\6875342937002085633.mp4,181,"[122, 300, 286, 286]"
./data\6875342937002085633.mp4,182,"[121, 296, 293, 293]"
./data\6875342937002085633.mp4,183,"[118, 295, 293, 293]"
./data\6875342937002085633.mp4,184,"[117, 291, 300, 300]"
./data\6875342937002085633.mp4,185,"[123, 298, 288, 288]"
./data\6875342937002085633.mp4,186,"[124, 298, 285, 285]"
./data\6875342937002085633.mp4,187,"[126, 298, 290, 290]"
./data\6875342937002085633.mp4,188,"[126, 301, 285, 285]"
./data\6875342937002085633.mp4,189,"[125, 302, 286, 286]"
./data\6875342937002085633.mp4,190,"[130, 299, 283, 283]"
./data\6875342937002085633.mp4,191,"[129, 296, 285, 285]"
./data\6875342937002085633.mp4,192,"[114, 279, 312, 312]"
./data\6875342937002085633.mp4,193,"[140, 291, 260, 260]"
./data\6875342937002085633.mp4,193,"[93, 851, 73, 73]"
./data\6875342937002085633.mp4,194,"[141, 279, 278, 278]"
./data\6875342937002085633.mp4,195,"[146, 290, 266, 266]"
./data\6875342937002085633.mp4,196,"[132, 289, 266, 266]"
./data\6875342937002085633.mp4,197,"[130, 290, 267, 267]"
./data\6875342937002085633.mp4,198,"[113, 279, 299, 299]"
./data\6875342937002085633.mp4,199,"[122, 288, 292, 292]"
./data\6875342937002085633.mp4,200,"[125, 300, 290, 290]"
./data\6875342937002085633.mp4,201,"[111, 289, 324, 324]"
./data\6875342937002085633.mp4,202,"[119, 310, 312, 312]"
./data\6875342937002085633.mp4,203,"[116, 323, 311, 311]"
./data\6875342937002085633.mp4,204,"[119, 334, 306, 306]"
./data\6875342937002085633.mp4,205,"[113, 342, 304, 304]"
./data\6875342937002085633.mp4,206,"[118, 350, 290, 290]"
./data\6875342937002085633.mp4,207,"[120, 354, 293, 293]"
./data\6875342937002085633.mp4,208,"[119, 358, 295, 295]"
./data\6875342937002085633.mp4,209,"[127, 362, 293, 293]"
./data\6875342937002085633.mp4,210,"[114, 364, 299, 299]"
./data\6875342937002085633.mp4,211,"[124, 367, 300, 300]"
./data\6875342937002085633.mp4,212,"[126, 375, 290, 290]"
./data\6875436892226178305.mp4,88,"[162, 397, 255, 255]"
./data\6875436892226178305.mp4,89,"[162, 397, 255, 255]"
./data\6875436892226178305.mp4,90,"[162, 397, 255, 255]"
./data\6875436892226178305.mp4,91,"[162, 397, 255, 255]"
./data\6875436892226178305.mp4,92,"[162, 397, 255, 255]"
./data\6875436892226178305.mp4,93,"[162, 397, 255, 255]"
./data\6875436892226178305.mp4,94,"[162, 397, 255, 255]"
./data\6875436892226178305.mp4,95,"[162, 397, 255, 255]"
./data\6875436892226178305.mp4,96,"[162, 397, 255, 255]"
./data\6875436892226178305.mp4,97,"[162, 397, 255, 255]"
./data\6875436892226178305.mp4,98,"[162, 397, 255, 255]"
./data\6875436892226178305.mp4,99,"[162, 397, 255, 255]"
./data\6875436892226178305.mp4,100,"[162, 397, 255, 255]"
./data\6875436892226178305.mp4,101,"[162, 397, 255, 255]"
./data\6875436892226178305.mp4,102,"[162, 397, 255, 255]"
./data\6875436892226178305.mp4,103,"[162, 397, 255, 255]"
./data\6875436892226178305.mp4,104,"[162, 397, 255, 255]"
./data\6875436892226178305.mp4,105,"[162, 397, 255, 255]"
./data\6875436892226178305.mp4,106,"[162, 397, 255, 255]"
./data\6875436892226178305.mp4,107,"[162, 397, 255, 255]"
./data\6875436892226178305.mp4,108,"[162, 397, 255, 255]"
./data\6875436892226178305.mp4,109,"[162, 397, 255, 255]"
./data\6875436892226178305.mp4,110,"[162, 397, 255, 255]"
./data\6875436892226178305.mp4,111,"[162, 397, 255, 255]"
./data\6875436892226178305.mp4,112,"[162, 397, 255, 255]"
./data\6875436892226178305.mp4,113,"[162, 397, 255, 255]"
./data\6875436892226178305.mp4,114,"[162, 397, 255, 255]"
./data\6875436892226178305.mp4,115,"[162, 397, 255, 255]"
./data\6875436892226178305.mp4,116,"[162, 397, 255, 255]"
./data\6875436892226178305.mp4,117,"[160, 406, 255, 255]"
./data\6875436892226178305.mp4,118,"[160, 404, 255, 255]"
./data\6875436892226178305.mp4,119,"[160, 404, 255, 255]"
./data\6875436892226178305.mp4,120,"[161, 411, 255, 255]"
./data\6875436892226178305.mp4,121,"[161, 411, 255, 255]"
./data\6875436892226178305.mp4,122,"[161, 411, 255, 255]"
./data\6875436892226178305.mp4,123,"[161, 411, 255, 255]"
./data\6875436892226178305.mp4,124,"[159, 417, 255, 255]"
./data\6875436892226178305.mp4,125,"[159, 417, 255, 255]"
./data\6875436892226178305.mp4,126,"[159, 417, 255, 255]"
./data\6875436892226178305.mp4,127,"[165, 429, 249, 249]"
./data\6875436892226178305.mp4,128,"[167, 430, 248, 248]"
./data\6875436892226178305.mp4,129,"[167, 430, 248, 248]"
./data\6875436892226178305.mp4,130,"[167, 430, 248, 248]"
./data\6875436892226178305.mp4,131,"[164, 427, 255, 255]"
./data\6875436892226178305.mp4,132,"[164, 427, 255, 255]"
./data\6875436892226178305.mp4,133,"[164, 427, 255, 255]"
./data\6875436892226178305.mp4,134,"[164, 427, 255, 255]"
./data\6875436892226178305.mp4,135,"[164, 427, 255, 255]"
./data\6875436892226178305.mp4,136,"[164, 427, 255, 255]"
./data\6875436892226178305.mp4,137,"[164, 427, 255, 255]"
./data\6875436892226178305.mp4,138,"[164, 427, 255, 255]"
./data\6875436892226178305.mp4,139,"[164, 427, 255, 255]"
./data\6875436892226178305.mp4,140,"[164, 427, 255, 255]"
./data\6875436892226178305.mp4,141,"[164, 427, 255, 255]"
./data\6875436892226178305.mp4,142,"[164, 427, 255, 255]"
./data\6875436892226178305.mp4,143,"[164, 427, 255, 255]"
./data\6875436892226178305.mp4,144,"[164, 427, 255, 255]"
./data\6875436892226178305.mp4,145,"[164, 427, 255, 255]"
./data\6875436892226178305.mp4,146,"[164, 427, 255, 255]"
./data\6875436892226178305.mp4,147,"[164, 427, 255, 255]"
./data\6875436892226178305.mp4,148,"[164, 427, 255, 255]"
./data\6875436892226178305.mp4,149,"[164, 427, 255, 255]"
./data\6875436892226178305.mp4,150,"[164, 427, 255, 255]"
./data\6875436892226178305.mp4,151,"[164, 427, 255, 255]"
./data\6875436892226178305.mp4,152,"[164, 427, 255, 255]"
./data\6875436892226178305.mp4,153,"[164, 427, 255, 255]"
./data\6875436892226178305.mp4,154,"[164, 427, 255, 255]"
./data\6875436892226178305.mp4,155,"[164, 427, 255, 255]"
./data\6875436892226178305.mp4,156,"[164, 427, 255, 255]"
./data\6875436892226178305.mp4,179,"[420, 436, 82, 82]"
./data\6875436892226178305.mp4,180,"[420, 436, 82, 82]"
./data\6875436892226178305.mp4,315,"[122, 500, 174, 174]"
./data\6875436892226178305.mp4,479,"[182, 533, 56, 56]"
./data\6875436892226178305.mp4,659,"[430, 372, 61, 61]"
./data\6875436892226178305.mp4,660,"[430, 372, 61, 61]"
./data\6875436892226178305.mp4,661,"[431, 373, 60, 60]"
./data\6875436892226178305.mp4,662,"[430, 372, 61, 61]"
./data\6875436892226178305.mp4,663,"[431, 373, 60, 60]"
./data\6875436892226178305.mp4,664,"[430, 372, 61, 61]"
./data\6875436892226178305.mp4,665,"[430, 372, 60, 60]"
./data\6875436892226178305.mp4,666,"[429, 371, 62, 62]"
./data\6875436892226178305.mp4,667,"[430, 372, 60, 60]"
./data\6875436892226178305.mp4,668,"[430, 372, 60, 60]"
./data\6875436892226178305.mp4,669,"[430, 372, 60, 60]"
./data\6875436892226178305.mp4,670,"[430, 372, 60, 60]"
./data\6875436892226178305.mp4,671,"[430, 373, 59, 59]"
./data\6875436892226178305.mp4,672,"[430, 372, 60, 60]"
./data\6875436892226178305.mp4,673,"[430, 372, 60, 60]"
./data\6875436892226178305.mp4,674,"[430, 372, 60, 60]"
./data\6875436892226178305.mp4,675,"[430, 372, 60, 60]"
./data\6875436892226178305.mp4,676,"[429, 372, 61, 61]"
./data\6875436892226178305.mp4,677,"[429, 371, 62, 62]"
./data\6875436892226178305.mp4,678,"[429, 371, 62, 62]"
./data\6875436892226178305.mp4,679,"[429, 372, 62, 62]"
./data\6875436892226178305.mp4,680,"[429, 372, 61, 61]"
./data\6875436892226178305.mp4,681,"[429, 372, 61, 61]"
./data\6875436892226178305.mp4,682,"[429, 372, 61, 61]"
./data\6875436892226178305.mp4,683,"[429, 371, 62, 62]"
./data\6875436892226178305.mp4,684,"[429, 372, 61, 61]"
./data\6875453919879908614.mp4,0,"[265, 174, 56, 56]"
./data\6875453919879908614.mp4,1,"[265, 174, 56, 56]"
./data\6875453919879908614.mp4,2,"[261, 175, 53, 53]"
./data\6875453919879908614.mp4,3,"[256, 174, 54, 54]"
./data\6875453919879908614.mp4,4,"[254, 174, 55, 55]"
./data\6875453919879908614.mp4,5,"[250, 173, 56, 56]"
./data\6875453919879908614.mp4,6,"[247, 174, 53, 53]"
./data\6875453919879908614.mp4,7,"[244, 173, 55, 55]"
./data\6875453919879908614.mp4,8,"[240, 173, 57, 57]"
./data\6875453919879908614.mp4,9,"[237, 174, 55, 55]"
./data\6875453919879908614.mp4,10,"[234, 174, 53, 53]"
./data\6875453919879908614.mp4,11,"[231, 175, 53, 53]"
./data\6875453919879908614.mp4,12,"[227, 174, 53, 53]"
./data\6875453919879908614.mp4,13,"[224, 173, 53, 53]"
./data\6875453919879908614.mp4,14,"[222, 173, 53, 53]"
./data\6875453919879908614.mp4,15,"[220, 172, 53, 53]"
./data\6875453919879908614.mp4,16,"[218, 173, 51, 51]"
./data\6875453919879908614.mp4,19,"[209, 171, 53, 53]"
./data\6875453919879908614.mp4,20,"[208, 172, 53, 53]"
./data\6875453919879908614.mp4,21,"[206, 170, 55, 55]"
./data\6875453919879908614.mp4,25,"[208, 173, 51, 51]"
./data\6875453919879908614.mp4,26,"[207, 171, 55, 55]"
./data\6875453919879908614.mp4,27,"[210, 171, 55, 55]"
./data\6875453919879908614.mp4,28,"[212, 171, 55, 55]"
./data\6875453919879908614.mp4,29,"[217, 172, 53, 53]"
./data\6875453919879908614.mp4,30,"[220, 173, 53, 53]"
./data\6875453919879908614.mp4,31,"[223, 173, 53, 53]"
./data\6875453919879908614.mp4,32,"[228, 174, 53, 53]"
./data\6875453919879908614.mp4,33,"[231, 177, 52, 52]"
./data\6875453919879908614.mp4,34,"[235, 181, 52, 52]"
./data\6875453919879908614.mp4,40,"[250, 213, 49, 49]"
./data\6875453919879908614.mp4,50,"[251, 340, 82, 82]"
./data\6875453919879908614.mp4,51,"[253, 336, 80, 80]"
./data\6875453919879908614.mp4,66,"[262, 168, 53, 53]"
./data\6875453919879908614.mp4,67,"[263, 168, 51, 51]"
./data\6875453919879908614.mp4,68,"[263, 165, 53, 53]"
./data\6875453919879908614.mp4,69,"[262, 166, 53, 53]"
./data\6875453919879908614.mp4,70,"[262, 166, 53, 53]"
./data\6875453919879908614.mp4,74,"[261, 166, 53, 53]"
./data\6875453919879908614.mp4,76,"[262, 166, 53, 53]"
./data\6875453919879908614.mp4,76,"[256, 225, 61, 61]"
./data\6875453919879908614.mp4,79,"[261, 164, 53, 53]"
./data\6875453919879908614.mp4,80,"[258, 164, 55, 55]"
./data\6875453919879908614.mp4,81,"[258, 163, 53, 53]"
./data\6875453919879908614.mp4,82,"[257, 162, 53, 53]"
./data\6875453919879908614.mp4,83,"[257, 161, 53, 53]"
./data\6875453919879908614.mp4,84,"[257, 161, 53, 53]"
./data\6875453919879908614.mp4,85,"[256, 161, 53, 53]"
./data\6875453919879908614.mp4,86,"[255, 159, 56, 56]"
./data\6875453919879908614.mp4,87,"[255, 160, 55, 55]"
./data\6875453919879908614.mp4,88,"[255, 162, 53, 53]"
./data\6875453919879908614.mp4,89,"[257, 164, 51, 51]"
./data\6875453919879908614.mp4,90,"[257, 164, 53, 53]"
./data\6875453919879908614.mp4,91,"[257, 164, 51, 51]"
./data\6875453919879908614.mp4,94,"[258, 166, 53, 53]"
./data\6875453919879908614.mp4,95,"[260, 168, 51, 51]"
./data\6875453919879908614.mp4,97,"[260, 174, 51, 51]"
./data\6875453919879908614.mp4,104,"[254, 170, 49, 49]"
./data\6875453919879908614.mp4,109,"[248, 188, 51, 51]"
./data\6875453919879908614.mp4,111,"[246, 196, 51, 51]"
./data\6875453919879908614.mp4,112,"[244, 193, 51, 51]"
./data\6875453919879908614.mp4,113,"[243, 188, 53, 53]"
./data\6875453919879908614.mp4,114,"[244, 182, 53, 53]"
./data\6875453919879908614.mp4,115,"[244, 177, 52, 52]"
./data\6875453919879908614.mp4,116,"[244, 174, 52, 52]"
./data\6875453919879908614.mp4,117,"[244, 171, 53, 53]"
./data\6875453919879908614.mp4,118,"[244, 171, 53, 53]"
./data\6875453919879908614.mp4,119,"[242, 170, 57, 57]"
./data\6875453919879908614.mp4,120,"[243, 171, 56, 56]"
./data\6875453919879908614.mp4,121,"[242, 173, 56, 56]"
./data\6875453919879908614.mp4,122,"[243, 172, 55, 55]"
./data\6875453919879908614.mp4,123,"[243, 170, 55, 55]"
./data\6875453919879908614.mp4,124,"[243, 168, 54, 54]"
./data\6875453919879908614.mp4,125,"[244, 167, 53, 53]"
./data\6875453919879908614.mp4,126,"[243, 164, 55, 55]"
./data\6875453919879908614.mp4,127,"[243, 165, 53, 53]"
./data\6875453919879908614.mp4,128,"[242, 163, 55, 55]"
./data\6875453919879908614.mp4,129,"[243, 163, 55, 55]"
./data\6875453919879908614.mp4,130,"[245, 165, 53, 53]"
./data\6875453919879908614.mp4,131,"[244, 164, 55, 55]"
./data\6875453919879908614.mp4,132,"[244, 163, 57, 57]"
./data\6875453919879908614.mp4,133,"[244, 165, 55, 55]"
./data\6875453919879908614.mp4,134,"[244, 167, 55, 55]"
./data\6875453919879908614.mp4,135,"[243, 169, 57, 57]"
./data\6875453919879908614.mp4,136,"[243, 175, 55, 55]"
./data\6875453919879908614.mp4,137,"[242, 181, 57, 57]"
./data\6875453919879908614.mp4,138,"[243, 191, 55, 55]"
./data\6875453919879908614.mp4,139,"[240, 199, 57, 57]"
./data\6875453919879908614.mp4,140,"[239, 207, 57, 57]"
./data\6875453919879908614.mp4,141,"[241, 213, 51, 51]"
./data\6875453919879908614.mp4,142,"[239, 212, 53, 53]"
./data\6875453919879908614.mp4,143,"[237, 207, 56, 56]"
./data\6875453919879908614.mp4,144,"[41, 363, 29, 29]"
./data\6875453919879908614.mp4,164,"[234, 167, 56, 56]"
./data\6875453919879908614.mp4,168,"[236, 166, 51, 51]"
./data\6875453919879908614.mp4,175,"[228, 161, 55, 55]"
./data\6875453919879908614.mp4,176,"[228, 162, 53, 53]"
./data\6875453919879908614.mp4,177,"[227, 164, 52, 52]"
./data\6875453919879908614.mp4,178,"[224, 164, 53, 53]"
./data\6875453919879908614.mp4,179,"[220, 161, 56, 56]"
./data\6875453919879908614.mp4,180,"[219, 162, 53, 53]"
./data\6875453919879908614.mp4,181,"[217, 160, 55, 55]"
./data\6875453919879908614.mp4,182,"[216, 161, 52, 52]"
./data\6875453919879908614.mp4,183,"[213, 159, 53, 53]"
./data\6875453919879908614.mp4,184,"[211, 158, 56, 56]"
./data\6875453919879908614.mp4,185,"[209, 158, 53, 53]"
./data\6875453919879908614.mp4,186,"[208, 159, 53, 53]"
./data\6875453919879908614.mp4,187,"[208, 160, 55, 55]"
./data\6875453919879908614.mp4,188,"[206, 162, 53, 53]"
./data\6875453919879908614.mp4,189,"[207, 164, 55, 55]"
./data\6875453919879908614.mp4,190,"[206, 164, 55, 55]"
./data\6875453919879908614.mp4,191,"[207, 165, 54, 54]"
./data\6875453919879908614.mp4,192,"[206, 165, 55, 55]"
./data\6875453919879908614.mp4,193,"[207, 166, 53, 53]"
./data\6875453919879908614.mp4,194,"[209, 168, 53, 53]"
./data\6875453919879908614.mp4,195,"[211, 171, 52, 52]"
./data\6875453919879908614.mp4,196,"[213, 177, 51, 51]"
./data\6875453919879908614.mp4,230,"[248, 189, 53, 53]"
./data\6875453919879908614.mp4,231,"[248, 196, 53, 53]"
./data\6875453919879908614.mp4,232,"[246, 200, 55, 55]"
./data\6875453919879908614.mp4,233,"[245, 268, 56, 56]"
./data\6875453919879908614.mp4,234,"[247, 206, 53, 53]"
./data\6875453919879908614.mp4,235,"[245, 208, 53, 53]"
./data\6875453919879908614.mp4,236,"[242, 206, 60, 60]"
./data\6875453919879908614.mp4,237,"[242, 206, 59, 59]"
./data\6875453919879908614.mp4,238,"[243, 205, 57, 57]"
./data\6875453919879908614.mp4,239,"[242, 202, 57, 57]"
./data\6875453919879908614.mp4,240,"[243, 195, 58, 58]"
./data\6875453919879908614.mp4,241,"[244, 188, 54, 54]"
./data\6875453919879908614.mp4,242,"[244, 179, 55, 55]"
./data\6875453919879908614.mp4,243,"[245, 170, 53, 53]"
./data\6875453919879908614.mp4,245,"[245, 155, 53, 53]"
./data\6875453919879908614.mp4,246,"[245, 151, 53, 53]"
./data\6875453919879908614.mp4,249,"[247, 155, 53, 53]"
./data\6875453919879908614.mp4,250,"[247, 159, 53, 53]"
./data\6875453919879908614.mp4,252,"[244, 163, 55, 55]"
./data\6875453919879908614.mp4,260,"[248, 163, 51, 51]"
./data\6875453919879908614.mp4,263,"[249, 158, 51, 51]"
./data\6875453919879908614.mp4,264,"[249, 155, 53, 53]"
./data\6875453919879908614.mp4,266,"[251, 151, 53, 53]"
./data\6875453919879908614.mp4,267,"[251, 151, 53, 53]"
./data\6875453919879908614.mp4,269,"[250, 151, 55, 55]"
./data\6875453919879908614.mp4,270,"[248, 150, 57, 57]"
./data\6875453919879908614.mp4,271,"[247, 150, 55, 55]"
./data\6875453919879908614.mp4,272,"[246, 150, 53, 53]"
./data\6875453919879908614.mp4,273,"[245, 149, 53, 53]"
./data\6875453919879908614.mp4,282,"[225, 145, 53, 53]"
./data\6875453919879908614.mp4,283,"[226, 147, 48, 48]"
./data\6875453919879908614.mp4,284,"[220, 146, 55, 55]"
./data\6875453919879908614.mp4,285,"[220, 148, 53, 53]"
./data\6875453919879908614.mp4,286,"[218, 149, 57, 57]"
./data\6875453919879908614.mp4,287,"[219, 152, 53, 53]"
./data\6875453919879908614.mp4,288,"[217, 152, 58, 58]"
./data\6875453919879908614.mp4,289,"[218, 156, 53, 53]"
./data\6875453919879908614.mp4,290,"[218, 156, 55, 55]"
./data\6875453919879908614.mp4,291,"[219, 158, 55, 55]"
./data\6875453919879908614.mp4,292,"[220, 160, 53, 53]"
./data\6875453919879908614.mp4,293,"[221, 160, 54, 54]"
./data\6875453919879908614.mp4,294,"[221, 160, 58, 58]"
./data\6875453919879908614.mp4,295,"[223, 160, 57, 57]"
./data\6875453919879908614.mp4,296,"[225, 160, 57, 57]"
./data\6875453919879908614.mp4,297,"[229, 161, 54, 54]"
./data\6875453919879908614.mp4,299,"[231, 161, 55, 55]"
./data\6875453919879908614.mp4,379,"[117, 236, 151, 151]"
./data\6875453919879908614.mp4,389,"[268, 166, 56, 56]"
./data\6875453919879908614.mp4,390,"[268, 167, 53, 53]"
./data\6875453919879908614.mp4,392,"[269, 157, 58, 58]"
./data\6875453919879908614.mp4,393,"[272, 153, 56, 56]"
./data\6875453919879908614.mp4,393,"[272, 217, 53, 53]"
./data\6875453919879908614.mp4,394,"[275, 148, 56, 56]"
./data\6875453919879908614.mp4,395,"[277, 147, 55, 55]"
./data\6875453919879908614.mp4,396,"[280, 149, 53, 53]"
./data\6875453919879908614.mp4,396,"[274, 211, 56, 56]"
./data\6875453919879908614.mp4,397,"[280, 152, 57, 57]"
./data\6875453919879908614.mp4,398,"[281, 157, 55, 55]"
./data\6875453919879908614.mp4,399,"[281, 158, 53, 53]"
./data\6875453919879908614.mp4,400,"[278, 154, 57, 57]"
./data\6875453919879908614.mp4,401,"[276, 150, 56, 56]"
./data\6875453919879908614.mp4,402,"[274, 149, 55, 55]"
./data\6875453919879908614.mp4,403,"[272, 152, 53, 53]"
./data\6875453919879908614.mp4,404,"[267, 155, 57, 57]"
./data\6875453919879908614.mp4,405,"[264, 161, 56, 56]"
./data\6875453919879908614.mp4,406,"[261, 166, 53, 53]"
./data\6875453919879908614.mp4,407,"[258, 166, 53, 53]"
./data\6875453919879908614.mp4,408,"[256, 165, 53, 53]"
./data\6875453919879908614.mp4,409,"[253, 163, 53, 53]"
./data\6875453919879908614.mp4,410,"[255, 163, 51, 51]"
./data\6875453919879908614.mp4,413,"[253, 179, 51, 51]"
./data\6875453919879908614.mp4,414,"[255, 181, 53, 53]"
./data\6875453919879908614.mp4,437,"[273, 181, 53, 53]"
./data\6875453919879908614.mp4,438,"[273, 183, 53, 53]"
./data\6875453919879908614.mp4,439,"[269, 182, 53, 53]"
./data\6875453919879908614.mp4,440,"[267, 181, 51, 51]"
./data\6875453919879908614.mp4,441,"[265, 179, 52, 52]"
./data\6875453919879908614.mp4,442,"[262, 180, 53, 53]"
./data\6875453919879908614.mp4,443,"[260, 185, 52, 52]"
./data\6875453919879908614.mp4,444,"[260, 189, 51, 51]"
./data\6875453919879908614.mp4,449,"[263, 181, 51, 51]"
